{"max_proba": 0.8310142159461975, "min_proba": 0.18812809884548187}