{"max_proba": 0.8169259428977966, "min_proba": 0.19497373700141907}