{"max_proba": 0.9526968002319336, "min_proba": 0.17045198380947113}