{"Cg Values": [-3.0, -2.8, -2.6, -2.4, -2.2, -2.0, -1.7999999999999998, -1.5999999999999999, -1.4, -1.2, -1.0, -0.7999999999999998, -0.5999999999999996, -0.3999999999999999, -0.19999999999999973, 0.0, 0.20000000000000018, 0.40000000000000036, 0.6000000000000001, 0.8000000000000003, 1.0, 1.2000000000000002, 1.4000000000000004, 1.6000000000000005, 1.8000000000000007, 2.0, 2.2, 2.4000000000000004, 2.6000000000000005, 2.8000000000000007, 3.0], "NN: AUC vs Cg": [0.7135216233251075, 0.7127762936539104, 0.7118797453461558, 0.7107856782517525, 0.7094282609560885, 0.7077113192911375, 0.7054899096245215, 0.7025376062146996, 0.6984857262676719, 0.6927047131269135, 0.684060941065135, 0.6704002263343307, 0.6474862820369726, 0.6075855034907225, 0.5449324883431197, 0.5, 0.5475630588554128, 0.6201585456457381, 0.6642620634714486, 0.6873491309288484, 0.6998411537634488, 0.707046154211785, 0.7114590686907214, 0.7143014048871288, 0.7162088764059765, 0.7175324573672205, 0.7184762973102592, 0.7191646044804102, 0.7196759214019401, 0.7200615896315958, 0.7203561470475843], "Ctg Values": [-3.0, -2.8, -2.6, -2.4, -2.2, -2.0, -1.7999999999999998, -1.5999999999999999, -1.4, -1.2, -1.0, -0.7999999999999998, -0.5999999999999996, -0.3999999999999999, -0.19999999999999973, 0.0, 0.20000000000000018, 0.40000000000000036, 0.6000000000000001, 0.8000000000000003, 1.0, 1.2000000000000002, 1.4000000000000004, 1.6000000000000005, 1.8000000000000007, 2.0, 2.2, 2.4000000000000004, 2.6000000000000005, 2.8000000000000007, 3.0], "NN: AUC vs Ctg": [0.6842421371159817, 0.6818247347592445, 0.6790346955425637, 0.6757836649531532, 0.6719546655828463, 0.6673903209645585, 0.6618753160060766, 0.6551100544788341, 0.6466712236005295, 0.6359545967485059, 0.6221009780164213, 0.6039383056691984, 0.5801087457989051, 0.5500393433618598, 0.5176973898549189, 0.5, 0.5250753688185826, 0.5905607149248713, 0.6551810635785186, 0.6971801984003715, 0.7201321584203921, 0.7318768794649018, 0.7376357056418152, 0.7402451103290135, 0.7411841134945534, 0.7412299582352012, 0.7408000728460042, 0.7401238294053176, 0.7393296347316008, 0.7384901978260341, 0.7376467449391251]}