{"Cg Values": [-3.0, -2.8, -2.6, -2.4, -2.2, -2.0, -1.7999999999999998, -1.5999999999999999, -1.4, -1.2, -1.0, -0.7999999999999998, -0.5999999999999996, -0.3999999999999999, -0.19999999999999973, 0.0, 0.20000000000000018, 0.40000000000000036, 0.6000000000000001, 0.8000000000000003, 1.0, 1.2000000000000002, 1.4000000000000004, 1.6000000000000005, 1.8000000000000007, 2.0, 2.2, 2.4000000000000004, 2.6000000000000005, 2.8000000000000007, 3.0], "NN: AUC vs Cg": [0.7143409210242867, 0.7135950910731121, 0.712697803077933, 0.7116026565779342, 0.7102436692452718, 0.7085244336945618, 0.7062996344468462, 0.7033422308105154, 0.6992824784411487, 0.6934888938095722, 0.6848241451514391, 0.6711264573373046, 0.6481431274205087, 0.6081056096712236, 0.5452001051854892, 0.5, 0.5476237874339069, 0.6204584762732607, 0.6647375943243073, 0.6879285960312134, 0.7004829108522834, 0.7077273491558597, 0.7121666545533147, 0.7150275150919239, 0.7169485161028846, 0.7182823087833377, 0.7192340701553304, 0.7199286650702712, 0.7204450713047753, 0.7208349282532556, 0.7211329833189593], "Ctg Values": [-3.0, -2.8, -2.6, -2.4, -2.2, -2.0, -1.7999999999999998, -1.5999999999999999, -1.4, -1.2, -1.0, -0.7999999999999998, -0.5999999999999996, -0.3999999999999999, -0.19999999999999973, 0.0, 0.20000000000000018, 0.40000000000000036, 0.6000000000000001, 0.8000000000000003, 1.0, 1.2000000000000002, 1.4000000000000004, 1.6000000000000005, 1.8000000000000007, 2.0, 2.2, 2.4000000000000004, 2.6000000000000005, 2.8000000000000007, 3.0], "NN: AUC vs Ctg": [0.6845593957449847, 0.6821385477228739, 0.6793445076253837, 0.6760887840135887, 0.6722542164419008, 0.6676831794869381, 0.6621600131173146, 0.6553846339133788, 0.6469330279891706, 0.6361999440761773, 0.622324680470224, 0.6041330101177599, 0.5802642923941449, 0.5501433195142647, 0.5177413028901597, 0.5, 0.5250959319745674, 0.5906736877615482, 0.6553964731046626, 0.6974677058832701, 0.7204623508426063, 0.732231152006183, 0.7380035029085101, 0.7406205268926243, 0.741563791487541, 0.7416119430295152, 0.7411832012874493, 0.7405073974478062, 0.7397132119472627, 0.7388735208292068, 0.7380296544147111]}