{"Cg Values": [-2.0, -1.7894736842105263, -1.5789473684210527, -1.368421052631579, -1.1578947368421053, -0.9473684210526316, -0.736842105263158, -0.5263157894736843, -0.3157894736842106, -0.10526315789473695, 0.10526315789473673, 0.3157894736842106, 0.5263157894736841, 0.7368421052631575, 0.9473684210526314, 1.1578947368421053, 1.3684210526315788, 1.5789473684210522, 1.789473684210526, 2.0], "NN: AUC vs Cg": [0.7078460563102726, 0.7054848843282073, 0.7022943165168465, 0.6978241373594203, 0.691278531251475, 0.6811646902182346, 0.6645162585650312, 0.6353169227033093, 0.5835795256261593, 0.5153058833809907, 0.514846600228451, 0.5925631353360485, 0.6513898004931011, 0.6817945412548897, 0.697434317768501, 0.7060357970482865, 0.7111025082237568, 0.7142648464638015, 0.7163331638130488, 0.7177378453710694], "Ctg Values": [-2.0, -1.7894736842105263, -1.5789473684210527, -1.368421052631579, -1.1578947368421053, -0.9473684210526316, -0.736842105263158, -0.5263157894736843, -0.3157894736842106, -0.10526315789473695, 0.10526315789473673, 0.3157894736842106, 0.5263157894736841, 0.7368421052631575, 0.9473684210526314, 1.1578947368421053, 1.3684210526315788, 1.5789473684210522, 1.789473684210526, 2.0], "NN: AUC vs Ctg": [0.6676217111155013, 0.6617778509762116, 0.654524838665902, 0.6453534126698939, 0.6335226871382856, 0.6179638532830085, 0.5972287068288735, 0.5698169898072589, 0.5361884906447579, 0.5057707608162254, 0.5066494512416819, 0.560617466231422, 0.6338058202585048, 0.6865886542826748, 0.7157246043873593, 0.7303176524367541, 0.7372843128871187, 0.7403699786963691, 0.7414677431072428, 0.7415375012953784]}