{"max_proba": 0.8351622819900513, "min_proba": 0.19841569662094116}