{"max_proba": 0.9693188071250916, "min_proba": 0.15035413205623627}