{"max_proba": 0.844231367111206, "min_proba": 0.188402459025383}