{"max_proba": 0.988800048828125, "min_proba": 0.09036371856927872}