{"max_proba": 0.9643477201461792, "min_proba": 0.09850914031267166}